model_slug,model_provider,model_name,perturbation_id,item_id,dataset,perturbation_type
openai_gpt55,openai,gpt-5.5,1e7d4476dbf9b7ac,8404a07b-4ba1-476c-a22c-a20e084b4153,healthbench,context_uncertainty
openai_gpt55,openai,gpt-5.5,9222d34ed8d5963f,161fdee9-04a6-408c-9cc8-f4c6dbe6ce77,healthbench,context_uncertainty
openai_gpt55,openai,gpt-5.5,eaee5e9bb29b642a,269074dc-9495-484b-b2f9-0f0943c0f816,healthbench,context_uncertainty
openai_gpt55,openai,gpt-5.5,ecd64971d26f316b,cc2902e3-38d3-40cc-83cc-639313d0e897,healthbench,context_uncertainty
openai_gpt55,openai,gpt-5.5,516ae2c3dbd850a3,dbc1c924-1d94-41d8-b164-4c72531be7ce,healthbench,context_uncertainty
openai_gpt55,openai,gpt-5.5,8b59bcd3bcc56e6b,575c4ded-840f-425d-bce7-204a94d5ce0d,healthbench,context_uncertainty
openai_gpt55,openai,gpt-5.5,c1317e1716a943a4,6bc43acb-3f76-47b2-8822-20edd1f0969c,healthbench,context_uncertainty
openai_gpt55,openai,gpt-5.5,9c2bc53a42d09e45,61e009f5-30fa-4bb0-863a-6e7595f4f58e,healthbench,context_uncertainty
openai_gpt55,openai,gpt-5.5,048698f90ef5f94c,591ba557-39cb-46a0-82e9-a58510c997a6,healthbench,context_uncertainty
openai_gpt55,openai,gpt-5.5,77a79a143c07c3a0,c403b14b-f0e2-453d-97b8-38e04d59845a,healthbench,context_uncertainty
openai_gpt55,openai,gpt-5.5,d70327635301cac1,9d4797b3-b8d1-4fc6-8e1e-b98ab5d5e2cb,healthbench,context_uncertainty
openai_gpt55,openai,gpt-5.5,8bd06b207659daac,fd328fd9-829b-486c-9abf-d426e0eb44ac,healthbench,context_uncertainty
openai_gpt55,openai,gpt-5.5,b7444abad48cfcff,0e073591-b3e7-4dc8-94d0-dc5aa93ca35c,healthbench,context_uncertainty
openai_gpt55,openai,gpt-5.5,850bd266a0e4e4bd,a0ad6f59-1f8f-4c80-9483-3db7c769d0f3,healthbench,reworded
openai_gpt55,openai,gpt-5.5,d5f58c19384c3ea3,PMC11647657,medrbench,full_information
openai_gpt55,openai,gpt-5.5,6c85cabdf90cd1c2,PMC11365461,medrbench,full_information
openai_gpt55,openai,gpt-5.5,71dac0ac2c0549f4,PMC11475090,medrbench,full_information
openai_gpt55,openai,gpt-5.5,e7a3a2b65bcb8830,PMC11417591,medrbench,full_information
openai_gpt55,openai,gpt-5.5,d28055612371291b,PMC11427117,medrbench,full_information
openai_gpt55,openai,gpt-5.5,491c4ec28302a8dc,PMC11438534,medrbench,full_information
openai_gpt55,openai,gpt-5.5,bcbdfc04450e72bd,PMC11606182,medrbench,full_information
openai_gpt55,openai,gpt-5.5,1bad4d90e847cf6b,PMC11460368,medrbench,full_information
openai_gpt55,openai,gpt-5.5,a082fe8207baeb00,PMC11482487,medrbench,full_information
openai_gpt55,openai,gpt-5.5,7ed0631a7655942d,PMC11535983,medrbench,full_information
openai_gpt55,openai,gpt-5.5,fe8017bf78777615,PMC11585741,medrbench,full_information
openai_gpt55,openai,gpt-5.5,bad7d3586a670bee,PMC11488404,medrbench,full_information
openai_gpt55,openai,gpt-5.5,aeb495b476da72f4,PMC11416352,medrbench,missing_ancillary_tests
openai_gpt55,openai,gpt-5.5,07b01f57abd2d9b8,PMC11366209,medrbench,missing_ancillary_tests
openai_gpt55,openai,gpt-5.5,0e97a467157c85a4,PMC11570897,medrbench,missing_ancillary_tests
openai_gpt55,openai,gpt-5.5,2ca9aacaa0848c01,PMC11457949,medrbench,missing_ancillary_tests
openai_gpt55,openai,gpt-5.5,625ac825231f6907,PMC11587891,medrbench,missing_ancillary_tests
openai_gpt55,openai,gpt-5.5,febb720632db707d,PMC11421877,medrbench,missing_ancillary_tests
openai_gpt55,openai,gpt-5.5,54a65723a31662f7,PMC11401631,medrbench,missing_ancillary_tests
openai_gpt55,openai,gpt-5.5,3ed12adfdb581d5a,PMC11439475,medrbench,missing_ancillary_tests
openai_gpt55,openai,gpt-5.5,8ea4efc04480c76f,PMC11648018,medrbench,missing_ancillary_tests
openai_gpt55,openai,gpt-5.5,a475414f9ac3de7e,PMC11648041,medrbench,missing_ancillary_tests
openai_gpt55,openai,gpt-5.5,fb78efbf08569b35,PMC11546011,medrbench,missing_ancillary_tests
openai_gpt55,openai,gpt-5.5,89f6b72a462216d2,PMC11604252,medrbench,missing_ancillary_tests
openai_gpt55,openai,gpt-5.5,ab3e30903d44f4c3,PMC11541943,medrbench,missing_ancillary_tests
openai_gpt55,openai,gpt-5.5,c17a10ec197d0791,PMC11446498,medrbench,missing_ancillary_tests
openai_gpt55,openai,gpt-5.5,f3779f357f6416a7,PMC11436284,medrbench,missing_ancillary_tests
openai_gpt55,openai,gpt-5.5,4811a406865bf854,PMC11499305,medrbench,reworded
openai_gpt55,openai,gpt-5.5,4095c946051963ef,PMC11415138,medrbench,reworded
openai_gpt55,openai,gpt-5.5,349bf8c8dc86439f,ba9821fc-952e-4a8c-a98c-d1c0f96dd510,real_pocqi,decontextualized
openai_gpt55,openai,gpt-5.5,ce15e88e5c690bb3,6950b9bc-3133-4226-b72b-3baf4945b409,real_pocqi,decontextualized
openai_gpt55,openai,gpt-5.5,bf9074a1c037f012,01027fb8-7621-4c2f-8691-b48f2dc55534,real_pocqi,decontextualized
openai_gpt55,openai,gpt-5.5,2b3cdf563a9e3578,7d8d0deb-b36d-4799-8981-d52b14046880,real_pocqi,decontextualized
openai_gpt55,openai,gpt-5.5,05429458a7083b2d,6ce73442-794e-4a4b-832f-84ee05470941,real_pocqi,decontextualized
openai_gpt55,openai,gpt-5.5,da590f70b53e2848,454abea2-1212-4ca5-b234-e91300e15e22,real_pocqi,decontextualized
openai_gpt55,openai,gpt-5.5,ce22e5afea3f48a4,07fb1c12-c0e9-45eb-afb6-52ce63c0dafc,real_pocqi,decontextualized
openai_gpt55,openai,gpt-5.5,29781bcac4230f20,f3c6a807-4f22-4919-94cd-4e7a062114cf,real_pocqi,decontextualized
openai_gpt55,openai,gpt-5.5,12432471dbf8aede,7deae12d-f2c9-4869-9470-4f1bfd70b86a,real_pocqi,decontextualized
openai_gpt55,openai,gpt-5.5,cbc616dcfcd1e55f,1a1177b2-da49-46ac-8221-fba861815426,real_pocqi,decontextualized
openai_gpt55,openai,gpt-5.5,5c12a838f9caf4a7,081cc387-6808-4aaa-b947-4475304345cf,real_pocqi,decontextualized
openai_gpt55,openai,gpt-5.5,478f2c0f7df1d08b,f67fa948-b268-4c59-b3f3-e47a5230962c,real_pocqi,decontextualized
openai_gpt55,openai,gpt-5.5,2d8d7d1270f4bef3,8d63933b-cba8-44f9-9022-0b12d9c52f83,real_pocqi,decontextualized
openai_gpt55,openai,gpt-5.5,6933d3322181644f,68edcc22-362b-46bd-bdb0-fd6078567592,real_pocqi,decontextualized
openai_gpt55,openai,gpt-5.5,a32f02fbd4daf304,98207634-64c3-4d14-bbb1-b763c5b91e91,real_pocqi,decontextualized
openai_gpt55,openai,gpt-5.5,9323a50b9ac1a8e2,36c7845a-ed31-49c3-8ec6-a338818db4d9,real_pocqi,decontextualized
openai_gpt55,openai,gpt-5.5,eb7313c3675e19cc,79814f82-8df1-4ee6-b695-55527105dbc6,real_pocqi,decontextualized
openai_gpt55,openai,gpt-5.5,3d270a2d9c5c202d,6c968c8c-b6c9-4101-815a-7e4e8621e8c7,real_pocqi,decontextualized
openai_gpt55,openai,gpt-5.5,9747711078047ee9,c8685308-18e5-4e05-a623-bbb69432b018,real_pocqi,decontextualized
openai_gpt55,openai,gpt-5.5,1d726984b950f1f4,38538031-56c8-4627-89ea-e00dfee8d34c,real_pocqi,decontextualized
openai_gpt55,openai,gpt-5.5,6c078f7ceb99b256,642e9992-c245-4da6-831f-94793153a81c,real_pocqi,decontextualized
openai_gpt55,openai,gpt-5.5,e347d1af6d7bec77,5603498a-1795-4aca-bd9a-622d70084bb0,real_pocqi,decontextualized
openai_gpt55,openai,gpt-5.5,272a319e8fe08bbc,6b57eee9-7107-4f46-b9c1-6dc7964cfadf,real_pocqi,decontextualized
openai_gpt55,openai,gpt-5.5,4f09a3cf6eacb58e,26ca7797-6472-486d-8fa6-42740cdf63b6,real_pocqi,decontextualized
openai_gpt55,openai,gpt-5.5,74855df4a8de2d99,cae700da-4284-4a3d-a03e-d4aa1b05e72a,real_pocqi,decontextualized
openai_gpt55,openai,gpt-5.5,0642620a626cae0e,8e7913d6-d335-4e68-a5c5-37fe0d15dde8,real_pocqi,decontextualized
openai_gpt55,openai,gpt-5.5,2abade2db99715c2,574f71b0-4240-41ab-98c2-c3e7216e8768,real_pocqi,decontextualized
openai_gpt55,openai,gpt-5.5,6faf42d984993951,4f59bea9-3f53-4633-9417-79122e18336a,real_pocqi,decontextualized
openai_gpt55,openai,gpt-5.5,daa79c87e913af5f,7bd17664-0495-4d0d-b92c-cd31a3513ef8,real_pocqi,decontextualized
openai_gpt55,openai,gpt-5.5,fb4df70d8580555a,168b7031-80a8-48cd-8e23-046864ebcca6,real_pocqi,decontextualized
openai_gpt55,openai,gpt-5.5,8baf6013c4add2fc,ba0a05cb-760d-43a7-a256-f39d1727abb1,real_pocqi,decontextualized
openai_gpt55,openai,gpt-5.5,e4a6dfb3be453541,e58ddce2-a936-4f49-b107-02f5989482de,real_pocqi,decontextualized
openai_gpt55,openai,gpt-5.5,3145c33d2f4b7150,c9f8bf8c-7960-4553-920c-696d7b88da0f,real_pocqi,decontextualized
openai_gpt55,openai,gpt-5.5,43d260ff2c68f6cb,2ed5453d-1e16-4e07-af5b-dc3793595d89,real_pocqi,reworded
openai_gpt55,openai,gpt-5.5,40ca227d42f85dc4,3c58fad9-ec14-4a15-85f2-f2026e26e5e8,real_pocqi,reworded
openai_gpt55,openai,gpt-5.5,91a888098897a772,4d578c92-0694-4a13-93ea-0ad0984772a1,real_pocqi,reworded
openai_gpt55,openai,gpt-5.5,cb4bd1169d292bb4,f9a06912-247b-4160-8762-1c1e0c384a2a,real_pocqi,reworded
anthropic_claude_opus_48,anthropic,claude-opus-4-8,a8474050e8f62c7e,a961e1db-5105-47f7-8473-ad7173442a16,healthbench,context_uncertainty
anthropic_claude_opus_48,anthropic,claude-opus-4-8,694da16cf721e3c6,126236de-9e7a-4814-b5d7-98cbe89b33b2,healthbench,context_uncertainty
anthropic_claude_opus_48,anthropic,claude-opus-4-8,c3012b63c68571c9,92355c7b-20b1-4741-8528-f07f2f9e7365,healthbench,context_uncertainty
anthropic_claude_opus_48,anthropic,claude-opus-4-8,f20143fb064ca01e,88559e03-ba23-44bb-adf4-89bf40603bcb,healthbench,context_uncertainty
anthropic_claude_opus_48,anthropic,claude-opus-4-8,eb94a7a52ec1514e,ededbafb-a080-473c-8826-97b683a38dff,healthbench,context_uncertainty
anthropic_claude_opus_48,anthropic,claude-opus-4-8,b2da88bc56c76d2b,478c07bf-4c15-4639-96b8-46bc8508d073,healthbench,context_uncertainty
anthropic_claude_opus_48,anthropic,claude-opus-4-8,3577a9b3f4b627b4,e87d2339-b72f-4cd3-8274-ccb052a21af3,healthbench,context_uncertainty
anthropic_claude_opus_48,anthropic,claude-opus-4-8,8e6006a8b3136db3,a4526edf-aa5e-425a-a75e-6b95bb1eff8a,healthbench,context_uncertainty
anthropic_claude_opus_48,anthropic,claude-opus-4-8,f0bbdbb70144df61,a0ad6f59-1f8f-4c80-9483-3db7c769d0f3,healthbench,context_uncertainty
anthropic_claude_opus_48,anthropic,claude-opus-4-8,46bfd178b8bdbdb6,dee5e953-576b-44ad-85e7-dd479d6b101e,healthbench,context_uncertainty
anthropic_claude_opus_48,anthropic,claude-opus-4-8,3d97730916838702,bc2b7ac8-3a0e-4487-a899-f2643a1980df,healthbench,context_uncertainty
anthropic_claude_opus_48,anthropic,claude-opus-4-8,1ee40d5cf5d8c558,74d0b665-ea86-4318-bb8f-c0dcbda159a9,healthbench,context_uncertainty
anthropic_claude_opus_48,anthropic,claude-opus-4-8,42d059863fab1131,92ea478e-6bf8-4ffb-b88a-f57ccf5f2346,healthbench,context_uncertainty
anthropic_claude_opus_48,anthropic,claude-opus-4-8,e50b9ee62fa3ca56,90789a49-ab1f-4229-bd89-e1c56ea8be3a,healthbench,reworded
anthropic_claude_opus_48,anthropic,claude-opus-4-8,2da44d6ad7e7e243,PMC11499305,medrbench,full_information
anthropic_claude_opus_48,anthropic,claude-opus-4-8,ae525ee00f576324,PMC11366209,medrbench,full_information
anthropic_claude_opus_48,anthropic,claude-opus-4-8,114266450858024f,PMC11566384,medrbench,full_information
anthropic_claude_opus_48,anthropic,claude-opus-4-8,d9af13cb2733b1e8,PMC11396201,medrbench,full_information
anthropic_claude_opus_48,anthropic,claude-opus-4-8,42af8630020a62a6,PMC11618025,medrbench,full_information
anthropic_claude_opus_48,anthropic,claude-opus-4-8,b7dab37ff186e4ba,PMC11550580,medrbench,full_information
anthropic_claude_opus_48,anthropic,claude-opus-4-8,6550b3cd5350ffcb,PMC11437605,medrbench,full_information
anthropic_claude_opus_48,anthropic,claude-opus-4-8,ba7c142e5e01257e,PMC11642248,medrbench,full_information
anthropic_claude_opus_48,anthropic,claude-opus-4-8,27bd266e8928f870,PMC11550152,medrbench,full_information
anthropic_claude_opus_48,anthropic,claude-opus-4-8,12b50b9339b1fdff,PMC11491658,medrbench,full_information
anthropic_claude_opus_48,anthropic,claude-opus-4-8,f527b064f9e396da,PMC11501515,medrbench,full_information
anthropic_claude_opus_48,anthropic,claude-opus-4-8,29fa531410ed1dd8,PMC11401631,medrbench,full_information
anthropic_claude_opus_48,anthropic,claude-opus-4-8,9442c79347f78f49,PMC11410420,medrbench,full_information
anthropic_claude_opus_48,anthropic,claude-opus-4-8,2a6a81308c02d5a1,PMC11432985,medrbench,missing_ancillary_tests
anthropic_claude_opus_48,anthropic,claude-opus-4-8,ee37304301a5cc55,PMC11460483,medrbench,missing_ancillary_tests
anthropic_claude_opus_48,anthropic,claude-opus-4-8,c63b60d7849b58c0,PMC11523868,medrbench,missing_ancillary_tests
anthropic_claude_opus_48,anthropic,claude-opus-4-8,029f60c833f6db49,PMC11427117,medrbench,missing_ancillary_tests
anthropic_claude_opus_48,anthropic,claude-opus-4-8,290db7db42603fe0,PMC11528664,medrbench,missing_ancillary_tests
anthropic_claude_opus_48,anthropic,claude-opus-4-8,23875883c903d154,PMC11605346,medrbench,missing_ancillary_tests
anthropic_claude_opus_48,anthropic,claude-opus-4-8,f2396613177220d5,PMC11590628,medrbench,missing_ancillary_tests
anthropic_claude_opus_48,anthropic,claude-opus-4-8,61f923e8bda5d5e7,PMC11625105,medrbench,missing_ancillary_tests
anthropic_claude_opus_48,anthropic,claude-opus-4-8,da3ecf64e2ab05fa,PMC11488404,medrbench,missing_ancillary_tests
anthropic_claude_opus_48,anthropic,claude-opus-4-8,c1551676f1a4693a,PMC11626487,medrbench,reworded
anthropic_claude_opus_48,anthropic,claude-opus-4-8,a6f924801ab97512,PMC11625110,medrbench,reworded
anthropic_claude_opus_48,anthropic,claude-opus-4-8,99aa7ece396c477e,PMC11488402,medrbench,reworded
anthropic_claude_opus_48,anthropic,claude-opus-4-8,c854fa86b0d2ba9e,PMC11461945,medrbench,reworded
anthropic_claude_opus_48,anthropic,claude-opus-4-8,69b6f7ab3a47825a,4538103f-6bda-4be4-8e38-ee72351a88d4,real_pocqi,decontextualized
anthropic_claude_opus_48,anthropic,claude-opus-4-8,ee4ff25967da0763,5407d67e-d1ca-4b51-a1aa-12535bbe7acf,real_pocqi,decontextualized
anthropic_claude_opus_48,anthropic,claude-opus-4-8,1c5ff8f86ffdd4e1,9e1c2dfd-9f2f-4e16-9482-926b12057b79,real_pocqi,decontextualized
anthropic_claude_opus_48,anthropic,claude-opus-4-8,0dd9ecc540be5af3,002a4c98-2f31-4de0-8820-fb48ae471712,real_pocqi,decontextualized
anthropic_claude_opus_48,anthropic,claude-opus-4-8,26212bd15d576d1a,bd4bb448-0e7f-40a6-a90e-fc4134010942,real_pocqi,decontextualized
anthropic_claude_opus_48,anthropic,claude-opus-4-8,471b787a2ddd10dc,51f7aff7-059e-4b5a-a06c-03f2519aea56,real_pocqi,decontextualized
anthropic_claude_opus_48,anthropic,claude-opus-4-8,c441d22df1077966,14431f35-a17e-4701-9579-9789eb008358,real_pocqi,decontextualized
anthropic_claude_opus_48,anthropic,claude-opus-4-8,e81edd8d9316f1b5,890aa5dc-8c0b-49d0-8b71-235b7952c466,real_pocqi,decontextualized
anthropic_claude_opus_48,anthropic,claude-opus-4-8,363e07fa2fad30bb,82b4c696-d3cc-41c7-9508-f128cd16c4cb,real_pocqi,decontextualized
anthropic_claude_opus_48,anthropic,claude-opus-4-8,9303d4c2ad52e895,11b6cd2f-8770-4702-8331-9ce9595f7647,real_pocqi,decontextualized
anthropic_claude_opus_48,anthropic,claude-opus-4-8,04c3830979d61539,1c26e603-4dcf-4c07-857c-5d87db1d20f4,real_pocqi,decontextualized
anthropic_claude_opus_48,anthropic,claude-opus-4-8,29471f40028ffe9f,ac17f31c-fdb8-41eb-9b3c-09a30e4304c1,real_pocqi,decontextualized
anthropic_claude_opus_48,anthropic,claude-opus-4-8,5ed3ff23deea0766,7a878d5b-9e52-4832-8ce5-56812570b191,real_pocqi,decontextualized
anthropic_claude_opus_48,anthropic,claude-opus-4-8,fc247e858f24562b,2e21db54-92f4-4d1b-b5a3-c544e22cdc73,real_pocqi,decontextualized
anthropic_claude_opus_48,anthropic,claude-opus-4-8,6c078f7ceb99b256,642e9992-c245-4da6-831f-94793153a81c,real_pocqi,decontextualized
anthropic_claude_opus_48,anthropic,claude-opus-4-8,2a16040f74acf890,0b6e709d-f977-425b-9b49-bee78e6a7023,real_pocqi,decontextualized
anthropic_claude_opus_48,anthropic,claude-opus-4-8,9c3ecd526242f6f3,eace0327-1f75-4545-8327-bd03da1e55a8,real_pocqi,decontextualized
anthropic_claude_opus_48,anthropic,claude-opus-4-8,d2acfa3997131982,4e4ce838-7db9-435a-8568-0de54405e7e7,real_pocqi,decontextualized
anthropic_claude_opus_48,anthropic,claude-opus-4-8,a0494374ff7ec6a0,900ea1a4-a512-47a7-a06b-1906b0b25798,real_pocqi,decontextualized
anthropic_claude_opus_48,anthropic,claude-opus-4-8,5a0f90bbfe6684f1,c8b8ec6b-5f19-4686-8a96-909fd4eb19d5,real_pocqi,decontextualized
anthropic_claude_opus_48,anthropic,claude-opus-4-8,f1a1b3941c924bee,73bde308-9372-488b-8277-cd4af088a77b,real_pocqi,decontextualized
anthropic_claude_opus_48,anthropic,claude-opus-4-8,a2a4f64cc9db07a4,27c40321-f363-4e89-a8ef-2b294023b6f4,real_pocqi,decontextualized
anthropic_claude_opus_48,anthropic,claude-opus-4-8,8a25090bb9025340,24905de6-a1ab-458c-a358-4509c300b2fe,real_pocqi,decontextualized
anthropic_claude_opus_48,anthropic,claude-opus-4-8,32a47fd1a644f49f,f7a8ac37-5ef0-43ba-a84f-51911d64be1a,real_pocqi,decontextualized
anthropic_claude_opus_48,anthropic,claude-opus-4-8,f14f62dfd5d44190,8c212dac-ed94-4fe8-bdf4-e298ac04ac98,real_pocqi,decontextualized
anthropic_claude_opus_48,anthropic,claude-opus-4-8,b64f5086d759d373,f866e246-72e8-4adf-a3a1-f62865faf2d2,real_pocqi,decontextualized
anthropic_claude_opus_48,anthropic,claude-opus-4-8,733e763ede987dc5,3ca0e700-cc3e-4573-9a94-7f7135945407,real_pocqi,decontextualized
anthropic_claude_opus_48,anthropic,claude-opus-4-8,ad12bb931fa3cf94,f42d92c3-152f-46d2-b586-8d15909f2ccd,real_pocqi,decontextualized
anthropic_claude_opus_48,anthropic,claude-opus-4-8,785cd72e2e13c508,252875cd-c4c6-4f7a-b472-66ce48eac5d1,real_pocqi,decontextualized
anthropic_claude_opus_48,anthropic,claude-opus-4-8,db6c608037e99bd3,b5ba0ccf-6d11-4d20-a967-fbc46714a8c0,real_pocqi,decontextualized
anthropic_claude_opus_48,anthropic,claude-opus-4-8,65a2fe75f8da7706,00f81646-aa86-459e-a2c7-3d9a0b6d9b5a,real_pocqi,decontextualized
anthropic_claude_opus_48,anthropic,claude-opus-4-8,3c79819458ecbda5,e647f14f-5879-48b4-8049-2c62400273c5,real_pocqi,decontextualized
anthropic_claude_opus_48,anthropic,claude-opus-4-8,c004bc48eba520ed,a307ecd3-8b12-458f-9a46-d92d6d6dd77e,real_pocqi,decontextualized
anthropic_claude_opus_48,anthropic,claude-opus-4-8,fcecb2109d428e3d,e9bfce86-620c-44ed-a543-b583cc0ec2e2,real_pocqi,decontextualized
anthropic_claude_opus_48,anthropic,claude-opus-4-8,8382307d0de5bc9a,4d220b84-8c52-455a-a3da-87f5ef5ba104,real_pocqi,decontextualized
anthropic_claude_opus_48,anthropic,claude-opus-4-8,74353e018f0710c8,1aa660ca-b65a-4a37-98cd-4ca19110e397,real_pocqi,reworded
anthropic_claude_opus_48,anthropic,claude-opus-4-8,de4a3a2abb6682f9,cae700da-4284-4a3d-a03e-d4aa1b05e72a,real_pocqi,reworded
anthropic_claude_opus_48,anthropic,claude-opus-4-8,2d0638b55aba7bfa,65999a0c-67cd-4f26-9f33-5e60c7d4b586,real_pocqi,reworded
anthropic_claude_opus_48,anthropic,claude-opus-4-8,efde5663b8df3b7e,3ebff40b-3be4-4995-b386-467fb6356c68,real_pocqi,reworded
anthropic_claude_opus_48,anthropic,claude-opus-4-8,9ff602a9d39d5c0d,1ec1f6fe-c4b2-4d68-aa11-270f7b7a9ffa,real_pocqi,reworded
google_gemini_35_flash,google,gemini-3.5-flash,c1317e1716a943a4,6bc43acb-3f76-47b2-8822-20edd1f0969c,healthbench,context_uncertainty
google_gemini_35_flash,google,gemini-3.5-flash,acd171913a91cf51,f5bd2b81-a964-44da-a3e6-2d5a242fe12c,healthbench,context_uncertainty
google_gemini_35_flash,google,gemini-3.5-flash,e07509177c01bdfb,3457eeb6-f429-419a-b8ec-79aabd403adb,healthbench,context_uncertainty
google_gemini_35_flash,google,gemini-3.5-flash,0c5b81f4a2baedb8,465dbfc3-0d30-45d2-b8ae-2fdc70571f6b,healthbench,context_uncertainty
google_gemini_35_flash,google,gemini-3.5-flash,806737442475ba18,99b22b39-30d5-40dc-82d9-c1cd3c793a44,healthbench,context_uncertainty
google_gemini_35_flash,google,gemini-3.5-flash,a758b20f11700873,adf87628-41eb-4285-893c-cd6493102a9d,healthbench,context_uncertainty
google_gemini_35_flash,google,gemini-3.5-flash,fbcbd56096c171a9,b15fe46f-983f-4f5b-bc4c-218f15916429,healthbench,context_uncertainty
google_gemini_35_flash,google,gemini-3.5-flash,83ad7aaa0b91dcee,7c63b3f5-dbac-4ac0-9928-7e5a3c780852,healthbench,context_uncertainty
google_gemini_35_flash,google,gemini-3.5-flash,cdb4473d33bd9f5e,2130cd26-6181-489e-acab-23c549e772ee,healthbench,context_uncertainty
google_gemini_35_flash,google,gemini-3.5-flash,84626ea26c6aeb29,b3f03076-d68a-4740-8b02-f342b35f2f6c,healthbench,context_uncertainty
google_gemini_35_flash,google,gemini-3.5-flash,90ef58289f09e930,600e917b-aca4-4009-817c-6ef4356ce9a9,healthbench,context_uncertainty
google_gemini_35_flash,google,gemini-3.5-flash,c13ee06bd9d2b508,3928452f-2030-4533-9e53-ff177f67a53f,healthbench,context_uncertainty
google_gemini_35_flash,google,gemini-3.5-flash,c15d44259c6faa91,aaf9a33a-3800-4735-acf3-52073e64327a,healthbench,reworded
google_gemini_35_flash,google,gemini-3.5-flash,0bec4dd139d378e0,PMC11638531,medrbench,full_information
google_gemini_35_flash,google,gemini-3.5-flash,529dbf45f2f984b2,PMC11570897,medrbench,full_information
google_gemini_35_flash,google,gemini-3.5-flash,64c14914f2dc1b0f,PMC11456795,medrbench,full_information
google_gemini_35_flash,google,gemini-3.5-flash,f78c260a154225c9,PMC11416805,medrbench,full_information
google_gemini_35_flash,google,gemini-3.5-flash,28e8a1b809c810eb,PMC11375620,medrbench,full_information
google_gemini_35_flash,google,gemini-3.5-flash,8a47a1ea6438fa75,PMC11604252,medrbench,full_information
google_gemini_35_flash,google,gemini-3.5-flash,d45095e6fe0edd08,PMC11647658,medrbench,full_information
google_gemini_35_flash,google,gemini-3.5-flash,c065756cf2c17fa9,PMC11525155,medrbench,full_information
google_gemini_35_flash,google,gemini-3.5-flash,318c3a0c5e9faa54,PMC11438525,medrbench,full_information
google_gemini_35_flash,google,gemini-3.5-flash,3dbfeb9d03c09f21,PMC11521797,medrbench,full_information
google_gemini_35_flash,google,gemini-3.5-flash,f0542d80230cbdcd,PMC11509779,medrbench,full_information
google_gemini_35_flash,google,gemini-3.5-flash,cc1badd31abaf2de,PMC11507092,medrbench,full_information
google_gemini_35_flash,google,gemini-3.5-flash,19fd73f6c7412c9d,PMC11631938,medrbench,missing_ancillary_tests
google_gemini_35_flash,google,gemini-3.5-flash,7bfb1eebed108b4b,PMC11585532,medrbench,missing_ancillary_tests
google_gemini_35_flash,google,gemini-3.5-flash,e0e5efb823a86e5c,PMC11647658,medrbench,missing_ancillary_tests
google_gemini_35_flash,google,gemini-3.5-flash,add2dd82868fe525,PMC11446622,medrbench,missing_ancillary_tests
google_gemini_35_flash,google,gemini-3.5-flash,dc4c63004a6c9da5,PMC11471504,medrbench,missing_ancillary_tests
google_gemini_35_flash,google,gemini-3.5-flash,42b566b0e47f5b3a,PMC11595896,medrbench,missing_ancillary_tests
google_gemini_35_flash,google,gemini-3.5-flash,973d566f33c85808,PMC11487618,medrbench,missing_ancillary_tests
google_gemini_35_flash,google,gemini-3.5-flash,726b07a0475f47cf,PMC11461031,medrbench,missing_ancillary_tests
google_gemini_35_flash,google,gemini-3.5-flash,6f3539f0285528de,PMC11646740,medrbench,missing_ancillary_tests
google_gemini_35_flash,google,gemini-3.5-flash,65b8efd9eed882ab,PMC11545733,medrbench,missing_ancillary_tests
google_gemini_35_flash,google,gemini-3.5-flash,d8b1582e119e99d8,PMC11570777,medrbench,missing_ancillary_tests
google_gemini_35_flash,google,gemini-3.5-flash,4f5d794fd8f97d2a,PMC11413548,medrbench,missing_ancillary_tests
google_gemini_35_flash,google,gemini-3.5-flash,29c2f6679f1b67b7,PMC11456785,medrbench,reworded
google_gemini_35_flash,google,gemini-3.5-flash,1115080ddef7e03f,PMC11471678,medrbench,reworded
google_gemini_35_flash,google,gemini-3.5-flash,6486ee7d549b0796,735f9c59-dac6-4e19-a306-3d2fd44fe1a6,real_pocqi,decontextualized
google_gemini_35_flash,google,gemini-3.5-flash,056ca31b93371902,3b860f49-a5ee-4aea-be7f-35886cfc9a08,real_pocqi,decontextualized
google_gemini_35_flash,google,gemini-3.5-flash,e4e3d4e9d6ed351d,22aea6a5-c667-47ed-988f-ee8835054d03,real_pocqi,decontextualized
google_gemini_35_flash,google,gemini-3.5-flash,c431791f4df25529,0911510d-bd83-4b65-b842-569bb0fbb491,real_pocqi,decontextualized
google_gemini_35_flash,google,gemini-3.5-flash,e2f4089e4012edea,20fd3675-b955-42ec-83a1-558730fb2f0f,real_pocqi,decontextualized
google_gemini_35_flash,google,gemini-3.5-flash,fc247e858f24562b,2e21db54-92f4-4d1b-b5a3-c544e22cdc73,real_pocqi,decontextualized
google_gemini_35_flash,google,gemini-3.5-flash,5ffa34692b14aea5,744957ad-e758-45ff-9c33-9faab2d0b246,real_pocqi,decontextualized
google_gemini_35_flash,google,gemini-3.5-flash,a50737db4e36cdc9,be37eaa9-6c27-4a92-a1df-224bafe67281,real_pocqi,decontextualized
google_gemini_35_flash,google,gemini-3.5-flash,5a5b0385255f6ac3,36b32a6a-78f0-49ff-9965-e342328b5064,real_pocqi,decontextualized
google_gemini_35_flash,google,gemini-3.5-flash,824f1cde0471350b,092e6118-1204-408e-9481-327caf036b0a,real_pocqi,decontextualized
google_gemini_35_flash,google,gemini-3.5-flash,0f334ca3b5c91a13,10d986a7-597d-4bb8-bb64-9243aebebeb9,real_pocqi,decontextualized
google_gemini_35_flash,google,gemini-3.5-flash,bfbb7e6dac03e693,ded2b7fd-aaff-4d23-a578-fba6bf8b5305,real_pocqi,decontextualized
google_gemini_35_flash,google,gemini-3.5-flash,1ac4e4b6867aaec1,a3f44080-04fb-46f4-84a0-979b968cab87,real_pocqi,decontextualized
google_gemini_35_flash,google,gemini-3.5-flash,0e915e02a0734d15,86adf51b-ab0b-48e3-8e81-326d2329865a,real_pocqi,decontextualized
google_gemini_35_flash,google,gemini-3.5-flash,bf9c478f731e2324,2fc2559e-8a56-48ea-9b36-83a9a20ddcb1,real_pocqi,decontextualized
google_gemini_35_flash,google,gemini-3.5-flash,4a9b37c98060d3d4,658ee6af-f628-4842-a366-c97db54ce1d6,real_pocqi,decontextualized
google_gemini_35_flash,google,gemini-3.5-flash,0460aa35a6501031,5f31cc9a-5c08-4fba-bf91-d9db4326cc7c,real_pocqi,decontextualized
google_gemini_35_flash,google,gemini-3.5-flash,7b08cb313e65540f,5fcca67d-308d-410e-a1d8-8080458e3bb2,real_pocqi,decontextualized
google_gemini_35_flash,google,gemini-3.5-flash,cafcd49b000169d4,278ace31-4af0-410c-8fbd-03606b868d4d,real_pocqi,decontextualized
google_gemini_35_flash,google,gemini-3.5-flash,3c79819458ecbda5,e647f14f-5879-48b4-8049-2c62400273c5,real_pocqi,decontextualized
google_gemini_35_flash,google,gemini-3.5-flash,2884c4f4e7455f23,86f5afde-37a0-4872-89a2-4ceecb40a97c,real_pocqi,decontextualized
google_gemini_35_flash,google,gemini-3.5-flash,3a67d85b5a9e3b36,fd28b3e2-d5d5-49fd-9e75-74cdc36a93d4,real_pocqi,decontextualized
google_gemini_35_flash,google,gemini-3.5-flash,9d32cfdcc247ea4b,5f179db4-cab6-4a75-93e8-5da51327a0dd,real_pocqi,decontextualized
google_gemini_35_flash,google,gemini-3.5-flash,9010d308a958a564,754c9ce3-2b47-49af-9943-3fbc6e951b45,real_pocqi,decontextualized
google_gemini_35_flash,google,gemini-3.5-flash,48eaed414804fe3b,8849edd2-b921-49e7-ad1f-b5224165f0a6,real_pocqi,decontextualized
google_gemini_35_flash,google,gemini-3.5-flash,fa8718dbaad92177,b7a2284b-1705-4f4a-8d9b-ed5151df68a9,real_pocqi,decontextualized
google_gemini_35_flash,google,gemini-3.5-flash,e25e7330f2d22e33,75e32cf9-fd17-40fe-b89f-768685ad1f3f,real_pocqi,decontextualized
google_gemini_35_flash,google,gemini-3.5-flash,363e07fa2fad30bb,82b4c696-d3cc-41c7-9508-f128cd16c4cb,real_pocqi,decontextualized
google_gemini_35_flash,google,gemini-3.5-flash,daee5c98c9370b2e,01e93f69-7e48-4698-9ee5-226fd3943e55,real_pocqi,decontextualized
google_gemini_35_flash,google,gemini-3.5-flash,c17da3043e76247d,b58d359e-6bda-41de-aa65-b912804491ad,real_pocqi,decontextualized
google_gemini_35_flash,google,gemini-3.5-flash,2f478b0c2ae28ea4,e120bdc4-ffc5-4b9e-b42f-aff8da0685bc,real_pocqi,decontextualized
google_gemini_35_flash,google,gemini-3.5-flash,8f2f31c18481232c,373cfbca-6095-4c6b-a3ea-189f3a957e8b,real_pocqi,decontextualized
google_gemini_35_flash,google,gemini-3.5-flash,4482371aeb4f0c29,a865714f-3f6e-4c42-835f-e3f3489b20ef,real_pocqi,decontextualized
google_gemini_35_flash,google,gemini-3.5-flash,6df5590a0b4ea6d4,b6e0bd42-1391-488c-8991-8385d94f4a77,real_pocqi,decontextualized
google_gemini_35_flash,google,gemini-3.5-flash,7e9df6f9d971aac7,5af1e4ae-3ce5-413c-970f-bebd61f21929,real_pocqi,decontextualized
google_gemini_35_flash,google,gemini-3.5-flash,c2f872d0043a205e,26e0e621-c6b2-4ff8-a48f-c88f5b98ecec,real_pocqi,decontextualized
google_gemini_35_flash,google,gemini-3.5-flash,78a59bad4b3011dc,065212a4-8bc8-4106-a8f1-3739889b5d16,real_pocqi,decontextualized
google_gemini_35_flash,google,gemini-3.5-flash,78570b4e02cc3448,c9408057-7857-4467-b84c-886415cc707c,real_pocqi,reworded
google_gemini_35_flash,google,gemini-3.5-flash,75aa22d29d26fa3a,beef50e5-907f-4d64-80db-defd901eb932,real_pocqi,reworded
google_gemini_35_flash,google,gemini-3.5-flash,c5cf61e7c6328211,95934650-5842-4659-8be5-3a271ee9a316,real_pocqi,reworded
google_gemini_35_flash,google,gemini-3.5-flash,3f9f902af295e1b1,e9bfce86-620c-44ed-a543-b583cc0ec2e2,real_pocqi,reworded
xai_grok_43,xai,grok-4.3,e3c616c3d1189542,b2763c25-fdc2-480a-b6f5-04a412e182c8,healthbench,context_uncertainty
xai_grok_43,xai,grok-4.3,6f025623541f6d05,1e1ec30b-fa4f-4f11-a189-d90762bce6d1,healthbench,context_uncertainty
xai_grok_43,xai,grok-4.3,b99cca14db23679c,bf5e7971-3a4b-480f-b03e-5be74907d0c0,healthbench,context_uncertainty
xai_grok_43,xai,grok-4.3,3c636d634c014e73,0c128afb-be6e-4ea8-b9c2-07cd97e3d8d3,healthbench,context_uncertainty
xai_grok_43,xai,grok-4.3,4b7664c17a867a77,215e212c-d52c-4a63-8fda-d023667210e2,healthbench,context_uncertainty
xai_grok_43,xai,grok-4.3,69cfba5a5f6916c9,08fdc56d-a23c-4b03-bfab-0e91a089c45c,healthbench,context_uncertainty
xai_grok_43,xai,grok-4.3,7323154772b49bf7,36c6e780-d4a8-47b2-8a36-90ee4b97607f,healthbench,context_uncertainty
xai_grok_43,xai,grok-4.3,46bfd178b8bdbdb6,dee5e953-576b-44ad-85e7-dd479d6b101e,healthbench,context_uncertainty
xai_grok_43,xai,grok-4.3,84626ea26c6aeb29,b3f03076-d68a-4740-8b02-f342b35f2f6c,healthbench,context_uncertainty
xai_grok_43,xai,grok-4.3,a167eada1af81c09,dff05297-e63c-43a6-892d-330c43d86d75,healthbench,context_uncertainty
xai_grok_43,xai,grok-4.3,7d74b8f94a3652a3,70aa6173-24ed-4ff8-81fc-34c5fe7f84fb,healthbench,context_uncertainty
xai_grok_43,xai,grok-4.3,c9176c4b4df5cae1,2371d33f-6922-4fc9-891c-5f40e4d90fd0,healthbench,context_uncertainty
xai_grok_43,xai,grok-4.3,3d97730916838702,bc2b7ac8-3a0e-4487-a899-f2643a1980df,healthbench,context_uncertainty
xai_grok_43,xai,grok-4.3,f748348089bbace9,161fdee9-04a6-408c-9cc8-f4c6dbe6ce77,healthbench,reworded
xai_grok_43,xai,grok-4.3,20f6d0e27014ae1a,PMC11625110,medrbench,full_information
xai_grok_43,xai,grok-4.3,12b50b9339b1fdff,PMC11491658,medrbench,full_information
xai_grok_43,xai,grok-4.3,49b10e5add02c878,PMC11521799,medrbench,full_information
xai_grok_43,xai,grok-4.3,96c8a659ac4345af,PMC11642678,medrbench,full_information
xai_grok_43,xai,grok-4.3,18b0ec18701dbd6e,PMC11588351,medrbench,full_information
xai_grok_43,xai,grok-4.3,275e99ecdb09cab8,PMC11555243,medrbench,full_information
xai_grok_43,xai,grok-4.3,28ea71f9fc88d61c,PMC11509815,medrbench,full_information
xai_grok_43,xai,grok-4.3,a802b81cbfd692ad,PMC11446496,medrbench,full_information
xai_grok_43,xai,grok-4.3,75658528e75185e4,PMC11585532,medrbench,full_information
xai_grok_43,xai,grok-4.3,0d12fbf7f46587e7,PMC11367528,medrbench,full_information
xai_grok_43,xai,grok-4.3,17f6edbe22c5b5c3,PMC11450233,medrbench,full_information
xai_grok_43,xai,grok-4.3,ae5701e59209de81,PMC11550647,medrbench,missing_ancillary_tests
xai_grok_43,xai,grok-4.3,fb1cbf28a5b16ec8,PMC11496448,medrbench,missing_ancillary_tests
xai_grok_43,xai,grok-4.3,cc0942f2ba4c232b,PMC11501515,medrbench,missing_ancillary_tests
xai_grok_43,xai,grok-4.3,2688fee8c1a3517c,PMC11413743,medrbench,missing_ancillary_tests
xai_grok_43,xai,grok-4.3,8a58fe0efcb515e5,PMC11642248,medrbench,missing_ancillary_tests
xai_grok_43,xai,grok-4.3,908337906f8dbdbd,PMC11602238,medrbench,missing_ancillary_tests
xai_grok_43,xai,grok-4.3,80d18b6b032759b5,PMC11621592,medrbench,missing_ancillary_tests
xai_grok_43,xai,grok-4.3,d0b2a091fe69529b,PMC11540108,medrbench,missing_ancillary_tests
xai_grok_43,xai,grok-4.3,f3779f357f6416a7,PMC11436284,medrbench,missing_ancillary_tests
xai_grok_43,xai,grok-4.3,e91fd9db17e28372,PMC11503845,medrbench,missing_ancillary_tests
xai_grok_43,xai,grok-4.3,137ff0eaede55a6b,PMC11427962,medrbench,missing_ancillary_tests
xai_grok_43,xai,grok-4.3,b4fd11fb4098a3f2,PMC11593787,medrbench,reworded
xai_grok_43,xai,grok-4.3,7795a7fa206b44dd,PMC11585532,medrbench,reworded
xai_grok_43,xai,grok-4.3,1115080ddef7e03f,PMC11471678,medrbench,reworded
xai_grok_43,xai,grok-4.3,0c65a7f22a1fd4ce,2bb555d5-1921-4350-8007-38b18e9cddc6,real_pocqi,decontextualized
xai_grok_43,xai,grok-4.3,58f031736e0fd5e9,15f2c20e-ec35-4a09-8050-4e9ac1fdd356,real_pocqi,decontextualized
xai_grok_43,xai,grok-4.3,3b3d710bd216401f,8fc112d7-095e-4897-9e21-960516e5fba8,real_pocqi,decontextualized
xai_grok_43,xai,grok-4.3,a30e09475f9b5aa3,1f0f8345-9991-427f-a505-435fa999b98f,real_pocqi,decontextualized
xai_grok_43,xai,grok-4.3,f4b58479490e15fa,ad724352-b8a5-4a2c-92bb-2c665e782d80,real_pocqi,decontextualized
xai_grok_43,xai,grok-4.3,78a59bad4b3011dc,065212a4-8bc8-4106-a8f1-3739889b5d16,real_pocqi,decontextualized
xai_grok_43,xai,grok-4.3,a2b81ee1ed9a66ff,2d63d05c-08a2-4bcf-9d9a-c993a4773736,real_pocqi,decontextualized
xai_grok_43,xai,grok-4.3,fd75a8039fa8f02d,67817c68-5f37-47d4-8350-ed35ad356a35,real_pocqi,decontextualized
xai_grok_43,xai,grok-4.3,fa98a356149079c4,4235408c-3fd3-4971-8dd0-6f0dbf4828cb,real_pocqi,decontextualized
xai_grok_43,xai,grok-4.3,cb0b797d3eb4378d,0c75dcf8-97ac-4ad7-bef0-13822cfcec42,real_pocqi,decontextualized
xai_grok_43,xai,grok-4.3,a2c42da4378cbe22,67ffde47-d5d4-4440-bc27-84f6eb8d6ad4,real_pocqi,decontextualized
xai_grok_43,xai,grok-4.3,2a16040f74acf890,0b6e709d-f977-425b-9b49-bee78e6a7023,real_pocqi,decontextualized
xai_grok_43,xai,grok-4.3,3b74ab9080c037df,cfde7cc4-1d3e-444f-abde-0dbb141ef495,real_pocqi,decontextualized
xai_grok_43,xai,grok-4.3,303da770bc17cdd7,79cfe10c-b7bf-4ca3-b165-fa4e3642795c,real_pocqi,decontextualized
xai_grok_43,xai,grok-4.3,e76a4480c56d3662,147393e1-de09-42d9-b9e6-258f211451eb,real_pocqi,decontextualized
xai_grok_43,xai,grok-4.3,6a60943ee2248d77,0bcd724e-30ba-41ed-96b6-f1594d5eb192,real_pocqi,decontextualized
xai_grok_43,xai,grok-4.3,3145c33d2f4b7150,c9f8bf8c-7960-4553-920c-696d7b88da0f,real_pocqi,decontextualized
xai_grok_43,xai,grok-4.3,8ca124dd149efe88,b5fb6a8c-09cb-4268-b3d1-71b8d3359319,real_pocqi,decontextualized
xai_grok_43,xai,grok-4.3,b34c42e21027a485,9e0fc7d1-0d7b-4f1d-a374-7bbc15f926de,real_pocqi,decontextualized
xai_grok_43,xai,grok-4.3,f422903c13e2b76d,55fcaacd-ee4e-4fad-91da-001c3747a0c2,real_pocqi,decontextualized
xai_grok_43,xai,grok-4.3,597e4852d002373e,b07be698-84f6-467e-9b59-9b87f40e617a,real_pocqi,decontextualized
xai_grok_43,xai,grok-4.3,7dda396a985beca7,14544d08-1b72-4c94-b026-bdc55981d601,real_pocqi,decontextualized
xai_grok_43,xai,grok-4.3,ed5cd7abfb0f8e97,beef50e5-907f-4d64-80db-defd901eb932,real_pocqi,decontextualized
xai_grok_43,xai,grok-4.3,6fe7b1b20c0c0ed9,0640530b-7acf-49c5-b4df-3ffc3356822b,real_pocqi,decontextualized
xai_grok_43,xai,grok-4.3,e7dfdac819064d05,c9408057-7857-4467-b84c-886415cc707c,real_pocqi,decontextualized
xai_grok_43,xai,grok-4.3,d1e742a5592d0782,513d6280-92e4-46fe-884d-6bd5fba96009,real_pocqi,decontextualized
xai_grok_43,xai,grok-4.3,c65b0d0e09e1da3c,752adb8e-29d8-443c-b586-706cee691d2b,real_pocqi,decontextualized
xai_grok_43,xai,grok-4.3,e23f2128c30d4627,b9fe2253-4f5c-4891-99af-2020bd6a7220,real_pocqi,decontextualized
xai_grok_43,xai,grok-4.3,f1ec403b88b2517b,ceccf8c0-3271-4af0-86c6-6369e1adfb5c,real_pocqi,decontextualized
xai_grok_43,xai,grok-4.3,7cbcf0d87054a1ba,6084ffee-54ef-4b99-a4b2-66a7ca8a3f26,real_pocqi,decontextualized
xai_grok_43,xai,grok-4.3,c67cb8649c530ab8,67f34680-5a25-469f-a29f-7266abba3205,real_pocqi,decontextualized
xai_grok_43,xai,grok-4.3,52cf2778219715b9,d67ee15b-41b0-402c-9331-b277585bf791,real_pocqi,decontextualized
xai_grok_43,xai,grok-4.3,b3f18a7d1abc3147,8276cd62-6483-4d9d-8f76-5b50b716243f,real_pocqi,decontextualized
xai_grok_43,xai,grok-4.3,1bb52f09a8951832,b0cd7d87-fef7-42d2-bdca-dc34682eae1f,real_pocqi,decontextualized
xai_grok_43,xai,grok-4.3,1a5c5cc626215812,fa038416-583d-4d6e-b97b-3c0638f736a4,real_pocqi,decontextualized
xai_grok_43,xai,grok-4.3,2f478b0c2ae28ea4,e120bdc4-ffc5-4b9e-b42f-aff8da0685bc,real_pocqi,decontextualized
xai_grok_43,xai,grok-4.3,93fa065fb827b017,c157e756-e008-4485-9824-7e2e96ce8c9a,real_pocqi,decontextualized
xai_grok_43,xai,grok-4.3,fca767c5509be775,0491057f-7f10-4b66-bf27-b027fae4565c,real_pocqi,reworded
xai_grok_43,xai,grok-4.3,639a22c51e8505e5,a1cec3be-237a-4624-93e5-910dfb8eb16a,real_pocqi,reworded
xai_grok_43,xai,grok-4.3,74353e018f0710c8,1aa660ca-b65a-4a37-98cd-4ca19110e397,real_pocqi,reworded
xai_grok_43,xai,grok-4.3,f57008e21d8d2000,1d37e63a-6a54-4030-b120-78e51d4a33c1,real_pocqi,reworded
